Unique index,Supercell,Ratio,Configuration,Multiplicity,Free Energy / kJ/mol,Enthalpy per atom / kJ/mol,Entropy per atom / kJ/mol,Volume/A^3,N atoms,Density/g/mol^3,Spacegroup,Group indices
0,1x1x1,[4 0],"(0, 0, 0, 0)",2,,,,2654.1751062921485,288.0,1.5377303803202587,P-1 (2),"[0, 15]"
1,1x1x1,[3 1],"(0, 0, 0, 1)",8,,,,2654.1751062921485,288.0,1.5377303803202587,P1 (1),"[1, 2, 4, 7, 8, 11, 13, 14]"
2,1x1x1,[2 2],"(0, 0, 1, 1)",2,,,,2654.1751062921485,288.0,1.5377303803202587,Cc (9),"[3, 12]"
3,1x1x1,[2 2],"(0, 1, 0, 1)",2,,,,2654.1751062921485,288.0,1.5377303803202587,P2_1/c (14),"[5, 10]"
4,1x1x1,[2 2],"(0, 1, 1, 0)",2,,,,2654.1751062921485,288.0,1.5377303803202587,P2_1/c (14),"[6, 9]"
